date_id,cash_in,cash_out,cash_balance
20220101,0.0,0.0,100000.0
20220102,0.0,0.0,100000.0
20220103,0.0,0.0,100000.0
20220104,0.0,0.0,100000.0
20220105,0.0,0.0,100000.0
20220106,0.0,0.0,100000.0
20220107,0.0,0.0,100000.0
20220108,0.0,0.0,100000.0
20220109,0.0,0.0,100000.0
20220110,0.0,0.0,100000.0
20220111,0.0,0.0,100000.0
20220112,0.0,0.0,100000.0
20220113,0.0,0.0,100000.0
20220114,0.0,0.0,100000.0
20220115,0.0,0.0,100000.0
20220116,0.0,0.0,100000.0
20220117,0.0,0.0,100000.0
20220118,0.0,0.0,100000.0
20220119,0.0,0.0,100000.0
20220120,0.0,0.0,100000.0
20220121,0.0,0.0,100000.0
20220122,0.0,0.0,100000.0
20220123,0.0,0.0,100000.0
20220124,0.0,0.0,100000.0
20220125,0.0,0.0,100000.0
20220126,0.0,0.0,100000.0
20220127,0.0,0.0,100000.0
20220128,0.0,0.0,100000.0
20220129,0.0,0.0,100000.0
20220130,0.0,0.0,100000.0
20220131,0.0,0.0,100000.0
20220201,0.0,0.0,100000.0
20220202,0.0,0.0,100000.0
20220203,0.0,0.0,100000.0
20220204,0.0,0.0,100000.0
20220205,0.0,0.0,100000.0
20220206,0.0,0.0,100000.0
20220207,0.0,0.0,100000.0
20220208,0.0,0.0,100000.0
20220209,0.0,0.0,100000.0
20220210,0.0,0.0,100000.0
20220211,0.0,0.0,100000.0
20220212,0.0,0.0,100000.0
20220213,0.0,0.0,100000.0
20220214,0.0,0.0,100000.0
20220215,0.0,0.0,100000.0
20220216,0.0,0.0,100000.0
20220217,0.0,0.0,100000.0
20220218,0.0,0.0,100000.0
20220219,0.0,0.0,100000.0
20220220,0.0,0.0,100000.0
20220221,0.0,0.0,100000.0
20220222,0.0,0.0,100000.0
20220223,0.0,0.0,100000.0
20220224,0.0,0.0,100000.0
20220225,0.0,0.0,100000.0
20220226,0.0,0.0,100000.0
20220227,0.0,0.0,100000.0
20220228,0.0,0.0,100000.0
20220301,0.0,0.0,100000.0
20220302,0.0,0.0,100000.0
20220303,0.0,0.0,100000.0
20220304,0.0,0.0,100000.0
20220305,0.0,0.0,100000.0
20220306,0.0,0.0,100000.0
20220307,0.0,0.0,100000.0
20220308,0.0,0.0,100000.0
20220309,0.0,0.0,100000.0
20220310,0.0,0.0,100000.0
20220311,0.0,0.0,100000.0
20220312,0.0,0.0,100000.0
20220313,0.0,0.0,100000.0
20220314,0.0,0.0,100000.0
20220315,0.0,0.0,100000.0
20220316,0.0,0.0,100000.0
20220317,0.0,0.0,100000.0
20220318,0.0,0.0,100000.0
20220319,0.0,0.0,100000.0
20220320,0.0,0.0,100000.0
20220321,0.0,0.0,100000.0
20220322,0.0,0.0,100000.0
20220323,0.0,0.0,100000.0
20220324,0.0,0.0,100000.0
20220325,0.0,0.0,100000.0
20220326,0.0,0.0,100000.0
20220327,0.0,0.0,100000.0
20220328,0.0,0.0,100000.0
20220329,0.0,0.0,100000.0
20220330,0.0,0.0,100000.0
20220331,0.0,0.0,100000.0
20220401,0.0,0.0,100000.0
20220402,0.0,0.0,100000.0
20220403,0.0,0.0,100000.0
20220404,0.0,0.0,100000.0
20220405,0.0,0.0,100000.0
20220406,0.0,0.0,100000.0
20220407,0.0,0.0,100000.0
20220408,0.0,0.0,100000.0
20220409,0.0,0.0,100000.0
20220410,0.0,0.0,100000.0
20220411,0.0,0.0,100000.0
20220412,0.0,0.0,100000.0
20220413,0.0,0.0,100000.0
20220414,0.0,0.0,100000.0
20220415,0.0,0.0,100000.0
20220416,0.0,0.0,100000.0
20220417,0.0,0.0,100000.0
20220418,0.0,0.0,100000.0
20220419,0.0,0.0,100000.0
20220420,0.0,0.0,100000.0
20220421,0.0,0.0,100000.0
20220422,0.0,0.0,100000.0
20220423,0.0,0.0,100000.0
20220424,0.0,0.0,100000.0
20220425,0.0,0.0,100000.0
20220426,0.0,0.0,100000.0
20220427,0.0,0.0,100000.0
20220428,0.0,0.0,100000.0
20220429,0.0,0.0,100000.0
20220430,0.0,0.0,100000.0
20220501,0.0,0.0,100000.0
20220502,0.0,0.0,100000.0
20220503,0.0,0.0,100000.0
20220504,0.0,0.0,100000.0
20220505,0.0,0.0,100000.0
20220506,0.0,0.0,100000.0
20220507,0.0,0.0,100000.0
20220508,0.0,0.0,100000.0
20220509,0.0,0.0,100000.0
20220510,0.0,0.0,100000.0
20220511,0.0,0.0,100000.0
20220512,0.0,0.0,100000.0
20220513,0.0,0.0,100000.0
20220514,0.0,0.0,100000.0
20220515,0.0,0.0,100000.0
20220516,0.0,0.0,100000.0
20220517,0.0,0.0,100000.0
20220518,0.0,0.0,100000.0
20220519,0.0,0.0,100000.0
20220520,0.0,0.0,100000.0
20220521,0.0,0.0,100000.0
20220522,0.0,0.0,100000.0
20220523,0.0,0.0,100000.0
20220524,0.0,0.0,100000.0
20220525,0.0,0.0,100000.0
20220526,0.0,0.0,100000.0
20220527,0.0,0.0,100000.0
20220528,0.0,0.0,100000.0
20220529,0.0,0.0,100000.0
20220530,0.0,0.0,100000.0
20220531,0.0,0.0,100000.0
20220601,0.0,0.0,100000.0
20220602,0.0,0.0,100000.0
20220603,0.0,0.0,100000.0
20220604,0.0,0.0,100000.0
20220605,0.0,6250.75,93749.25
20220606,0.0,0.0,93749.25
20220607,0.0,0.0,93749.25
20220608,0.0,0.0,93749.25
20220609,0.0,0.0,93749.25
20220610,0.0,450.2,93299.05
20220611,0.0,0.0,93299.05
20220612,0.0,0.0,93299.05
20220613,0.0,0.0,93299.05
20220614,0.0,0.0,93299.05
20220615,0.0,300.0,92999.05
20220616,0.0,0.0,92999.05
20220617,0.0,0.0,92999.05
20220618,0.0,0.0,92999.05
20220619,0.0,0.0,92999.05
20220620,0.0,0.0,92999.05
20220621,0.0,0.0,92999.05
20220622,0.0,0.0,92999.05
20220623,0.0,0.0,92999.05
20220624,0.0,0.0,92999.05
20220625,0.0,0.0,92999.05
20220626,0.0,0.0,92999.05
20220627,0.0,0.0,92999.05
20220628,0.0,0.0,92999.05
20220629,0.0,0.0,92999.05
20220630,0.0,0.0,92999.05
20220701,0.0,0.0,92999.05
20220702,0.0,0.0,92999.05
20220703,0.0,0.0,92999.05
20220704,0.0,0.0,92999.05
20220705,0.0,1875.5,91123.55
20220706,0.0,0.0,91123.55
20220707,0.0,0.0,91123.55
20220708,0.0,150.0,90973.55
20220709,0.0,0.0,90973.55
20220710,0.0,740.1,90233.45
20220711,0.0,0.0,90233.45
20220712,0.0,0.0,90233.45
20220713,0.0,0.0,90233.45
20220714,0.0,0.0,90233.45
20220715,0.0,410.0,89823.45
20220716,0.0,0.0,89823.45
20220717,0.0,0.0,89823.45
20220718,0.0,0.0,89823.45
20220719,0.0,0.0,89823.45
20220720,0.0,0.0,89823.45
20220721,0.0,0.0,89823.45
20220722,0.0,0.0,89823.45
20220723,0.0,0.0,89823.45
20220724,0.0,0.0,89823.45
20220725,0.0,0.0,89823.45
20220726,0.0,0.0,89823.45
20220727,0.0,0.0,89823.45
20220728,0.0,0.0,89823.45
20220729,0.0,0.0,89823.45
20220730,0.0,0.0,89823.45
20220731,0.0,0.0,89823.45
20220801,0.0,0.0,89823.45
20220802,0.0,0.0,89823.45
20220803,0.0,500.0,89323.45
20220804,0.0,0.0,89323.45
20220805,0.0,2150.0,87173.45
20220806,0.0,0.0,87173.45
20220807,0.0,0.0,87173.45
20220808,0.0,150.0,87023.45
20220809,0.0,0.0,87023.45
20220810,0.0,900.9,86122.55
20220811,0.0,0.0,86122.55
20220812,0.0,0.0,86122.55
20220813,0.0,0.0,86122.55
20220814,0.0,0.0,86122.55
20220815,0.0,550.0,85572.55
20220816,0.0,0.0,85572.55
20220817,0.0,0.0,85572.55
20220818,0.0,0.0,85572.55
20220819,0.0,0.0,85572.55
20220820,0.0,0.0,85572.55
20220821,0.0,0.0,85572.55
20220822,0.0,0.0,85572.55
20220823,0.0,0.0,85572.55
20220824,0.0,0.0,85572.55
20220825,0.0,0.0,85572.55
20220826,0.0,0.0,85572.55
20220827,0.0,0.0,85572.55
20220828,0.0,0.0,85572.55
20220829,0.0,0.0,85572.55
20220830,0.0,0.0,85572.55
20220831,0.0,0.0,85572.55
20220901,0.0,0.0,85572.55
20220902,0.0,0.0,85572.55
20220903,0.0,0.0,85572.55
20220904,0.0,0.0,85572.55
20220905,0.0,2500.3,83072.25
20220906,0.0,0.0,83072.25
20220907,0.0,0.0,83072.25
20220908,0.0,225.0,82847.25
20220909,0.0,750.0,82097.25
20220910,0.0,1090.5,81006.75
20220911,0.0,0.0,81006.75
20220912,0.0,0.0,81006.75
20220913,0.0,0.0,81006.75
20220914,0.0,0.0,81006.75
20220915,0.0,620.0,80386.75
20220916,0.0,0.0,80386.75
20220917,0.0,0.0,80386.75
20220918,0.0,0.0,80386.75
20220919,0.0,0.0,80386.75
20220920,0.0,350.0,80036.75
20220921,0.0,0.0,80036.75
20220922,0.0,0.0,80036.75
20220923,0.0,0.0,80036.75
20220924,0.0,0.0,80036.75
20220925,0.0,0.0,80036.75
20220926,0.0,0.0,80036.75
20220927,0.0,0.0,80036.75
20220928,0.0,0.0,80036.75
20220929,0.0,0.0,80036.75
20220930,0.0,0.0,80036.75
20221001,0.0,0.0,80036.75
20221002,0.0,0.0,80036.75
20221003,0.0,0.0,80036.75
20221004,0.0,0.0,80036.75
20221005,0.0,2980.6,77056.15
20221006,0.0,0.0,77056.15
20221007,0.0,1200.0,75856.15
20221008,0.0,1500.0,74356.15
20221009,0.0,0.0,74356.15
20221010,0.0,1330.0,73026.15
20221011,0.0,0.0,73026.15
20221012,0.0,750.0,72276.15
20221013,0.0,0.0,72276.15
20221014,0.0,0.0,72276.15
20221015,0.0,715.0,71561.15
20221016,0.0,0.0,71561.15
20221017,0.0,0.0,71561.15
20221018,0.0,0.0,71561.15
20221019,0.0,0.0,71561.15
20221020,0.0,350.0,71211.15
20221021,0.0,0.0,71211.15
20221022,0.0,0.0,71211.15
20221023,0.0,0.0,71211.15
20221024,0.0,0.0,71211.15
20221025,0.0,0.0,71211.15
20221026,0.0,0.0,71211.15
20221027,0.0,0.0,71211.15
20221028,0.0,0.0,71211.15
20221029,0.0,0.0,71211.15
20221030,0.0,0.0,71211.15
20221031,0.0,0.0,71211.15
20221101,0.0,0.0,71211.15
20221102,0.0,0.0,71211.15
20221103,0.0,0.0,71211.15
20221104,0.0,0.0,71211.15
20221105,0.0,3450.8,67760.35
20221106,0.0,0.0,67760.35
20221107,0.0,0.0,67760.35
20221108,0.0,250.0,67510.35
20221109,0.0,0.0,67510.35
20221110,0.0,1400.25,66110.1
20221111,0.0,2100.0,64010.1
20221112,0.0,0.0,64010.1
20221113,0.0,0.0,64010.1
20221114,0.0,0.0,64010.1
20221115,0.0,2050.0,61960.1
20221116,0.0,0.0,61960.1
20221117,0.0,0.0,61960.1
20221118,0.0,0.0,61960.1
20221119,0.0,0.0,61960.1
20221120,0.0,375.0,61585.1
20221121,0.0,0.0,61585.1
20221122,0.0,1800.0,59785.1
20221123,0.0,0.0,59785.1
20221124,0.0,0.0,59785.1
20221125,0.0,0.0,59785.1
20221126,0.0,0.0,59785.1
20221127,0.0,0.0,59785.1
20221128,0.0,0.0,59785.1
20221129,0.0,0.0,59785.1
20221130,0.0,0.0,59785.1
20221201,0.0,0.0,59785.1
20221202,0.0,0.0,59785.1
20221203,0.0,0.0,59785.1
20221204,0.0,0.0,59785.1
20221205,0.0,4200.0,55585.1
20221206,0.0,0.0,55585.1
20221207,0.0,0.0,55585.1
20221208,0.0,0.0,55585.1
20221209,0.0,0.0,55585.1
20221210,0.0,1890.7,53694.4
20221211,0.0,0.0,53694.4
20221212,0.0,0.0,53694.4
20221213,0.0,0.0,53694.4
20221214,0.0,2500.0,51194.4
20221215,0.0,980.0,50214.4
20221216,0.0,0.0,50214.4
20221217,0.0,0.0,50214.4
20221218,0.0,2500.0,47714.4
20221219,0.0,0.0,47714.4
20221220,0.0,400.0,47314.4
20221221,0.0,0.0,47314.4
20221222,0.0,0.0,47314.4
20221223,0.0,0.0,47314.4
20221224,0.0,0.0,47314.4
20221225,0.0,0.0,47314.4
20221226,0.0,0.0,47314.4
20221227,0.0,2800.0,44514.4
20221228,0.0,0.0,44514.4
20221229,0.0,0.0,44514.4
20221230,0.0,0.0,44514.4
20221231,0.0,0.0,44514.4
20230101,0.0,0.0,44514.4
20230102,0.0,0.0,44514.4
20230103,0.0,0.0,44514.4
20230104,0.0,0.0,44514.4
20230105,0.0,5100.2,39414.2
20230106,0.0,0.0,39414.2
20230107,0.0,0.0,39414.2
20230108,0.0,4350.0,35064.2
20230109,0.0,0.0,35064.2
20230110,509.99,1915.8899999999999,33658.3
20230111,0.0,0.0,33658.3
20230112,10229.98,278.32000000000005,43609.96
20230113,0.0,0.0,43609.96
20230114,0.0,0.0,43609.96
20230115,1679.98,1196.06,44093.88
20230116,0.0,0.0,44093.88
20230117,0.0,3500.0,40593.88
20230118,0.0,0.0,40593.88
20230119,0.0,250.0,40343.88
20230120,829.98,432.45,40741.41
20230121,0.0,0.0,40741.41
20230122,0.0,0.0,40741.41
20230123,0.0,0.0,40741.41
20230124,0.0,0.0,40741.41
20230125,0.0,0.0,40741.41
20230126,0.0,0.0,40741.41
20230127,0.0,0.0,40741.41
20230128,0.0,0.0,40741.41
20230129,10499.98,283.24,50958.15
20230130,0.0,0.0,50958.15
20230131,0.0,0.0,50958.15
20230201,7809.98,227.09,58541.04
20230202,0.0,0.0,58541.04
20230203,0.0,0.0,58541.04
20230204,0.0,0.0,58541.04
20230205,0.0,5950.75,52590.29
20230206,0.0,0.0,52590.29
20230207,0.0,0.0,52590.29
20230208,0.0,0.0,52590.29
20230209,0.0,2000.0,50590.29
20230210,509.99,2585.09,48515.19
20230211,2569.9700000000003,72.52,51012.64
20230212,729.99,1519.4,50223.23
20230213,0.0,0.0,50223.23
20230214,0.0,0.0,50223.23
20230215,1679.98,1347.25,50555.96
20230216,0.0,0.0,50555.96
20230217,0.0,0.0,50555.96
20230218,0.0,3800.0,46755.96
20230219,0.0,0.0,46755.96
20230220,829.98,443.26,47142.68
20230221,0.0,0.0,47142.68
20230222,0.0,0.0,47142.68
20230223,0.0,0.0,47142.68
20230224,0.0,0.0,47142.68
20230225,0.0,0.0,47142.68
20230226,0.0,0.0,47142.68
20230227,0.0,0.0,47142.68
20230228,839.99,24.66,47958.01
20230301,509.99,15.09,48452.91
20230302,0.0,0.0,48452.91
20230303,0.0,0.0,48452.91
20230304,0.0,0.0,48452.91
20230305,0.0,6800.9,41652.01
20230306,0.0,0.0,41652.01
20230307,2189.9700000000003,63.019999999999996,43778.96
20230308,0.0,0.0,43778.96
20230309,0.0,0.0,43778.96
20230310,509.99,2715.59,41573.36
20230311,1569.98,46.129999999999995,43097.21
20230312,729.99,20.06,43807.14
20230313,0.0,0.0,43807.14
20230314,2519.9700000000003,70.94,46256.17
20230315,1679.98,4397.47,43538.68
20230316,0.0,0.0,43538.68
20230317,0.0,0.0,43538.68
20230318,10739.97,281.71,53996.94
20230319,0.0,0.0,53996.94
20230320,829.98,474.67,54352.25
20230321,9639.97,253.22000000000003,63739.0
20230322,0.0,4200.0,59539.0
20230323,6049.98,165.9,65423.08
20230324,0.0,1200.0,64223.08
20230325,0.0,0.0,64223.08
20230326,0.0,0.0,64223.08
20230327,10849.97,315.55,74757.5
20230328,839.99,5024.66,70572.83
20230329,0.0,0.0,70572.83
20230330,1349.98,39.75,71883.06
20230331,0.0,0.0,71883.06
20230401,1959.96,57.07,73785.95
20230402,729.99,20.06,74495.88
20230403,0.0,0.0,74495.88
20230404,0.0,0.0,74495.88
20230405,839.99,11024.66,64311.21
20230406,0.0,0.0,64311.21
20230407,2189.9700000000003,64.41,66436.77
20230408,0.0,0.0,66436.77
20230409,5929.969999999999,157.25,72209.49
20230410,509.99,3495.09,69224.39
20230411,4189.94,4918.42,68495.91
20230412,729.99,21.47,69204.43
20230413,0.0,0.0,69204.43
20230414,8459.95,244.98999999999998,77419.39
20230415,1679.98,1746.56,77352.81
20230416,509.99,15.09,77847.71
20230417,0.0,0.0,77847.71
20230418,4369.93,3126.45,79091.19
20230419,0.0,0.0,79091.19
20230420,829.98,474.67,79446.5
20230421,1969.97,53.16,81363.31
20230422,1679.98,47.91,82995.38
20230423,949.99,5527.85,78417.52
20230424,1569.98,44.72,79942.78
20230425,0.0,0.0,79942.78
20230426,0.0,0.0,79942.78
20230427,14699.949999999999,408.98999999999995,94233.74
20230428,839.99,24.66,95049.07
20230429,11579.96,318.07000000000005,106310.96
20230430,1349.98,38.120000000000005,107622.82
20230501,1959.96,1557.07,108025.71
20230502,5929.969999999999,171.34,113784.34
20230503,0.0,0.0,113784.34
20230504,1449.97,5241.32,109992.99
20230505,2509.96,8374.24,104128.71
20230506,0.0,0.0,104128.71
20230507,2189.9700000000003,62.03,106256.65
20230508,11069.97,771.9300000000001,116554.69
20230509,1669.97,47.769999999999996,118176.89
20230510,509.99,3565.69,115121.19
20230511,17639.899999999998,496.98,132264.11
20230512,729.99,21.47,132972.63
20230513,10739.97,309.32,143403.28
20230514,3459.95,97.67,146765.56
20230515,1679.98,1947.91,146497.63
20230516,10739.97,311.39,156926.21
20230517,0.0,0.0,156926.21
20230518,5209.92,146.97,161989.16
20230519,949.99,25.09,162914.06
20230520,829.98,499.67,163244.37
20230521,1969.97,53.89,165160.45
20230522,4709.9400000000005,136.32,169734.07
20230523,949.99,27.85,170656.21
20230524,7619.96,222.17999999999998,178053.99
20230525,0.0,0.0,178053.99
20230526,6779.969999999999,193.35,184640.61
20230527,9919.93,286.3,194274.24
20230528,839.99,4524.66,190589.57
20230529,2919.96,84.47,193425.06
20230530,1349.98,38.78,194736.26
20230531,0.0,0.0,194736.26
20230601,1959.96,54.660000000000004,196641.56
20230602,2279.95,64.94,198856.57
20230603,0.0,0.0,198856.57
20230604,1449.97,42.8,200263.74
20230605,13359.93,9584.11,204039.56
20230606,0.0,0.0,204039.56
20230607,2189.9700000000003,63.0,206166.53
20230608,11309.939999999999,303.82,217172.65
20230609,8969.96,6259.7,219882.91
20230610,509.99,3915.09,216477.81
20230611,16309.89,468.09,232319.61
20230612,729.99,2219.4,230830.2
20230613,4269.9400000000005,119.11,234981.03
20230614,3559.94,103.48,238437.49
20230615,1679.98,2149.32,237968.15
20230616,9739.96,283.66,247424.45
20230617,0.0,0.0,247424.45
20230618,13969.89,401.85,260992.49
20230619,949.99,27.85,261914.63
20230620,829.98,522.45,262222.16
20230621,12199.949999999999,354.33000000000004,274067.78
20230622,5219.93,153.48,279134.23
20230623,949.99,3527.85,276556.37
20230624,2519.9700000000003,73.98,279002.36
20230625,839.99,24.66,279817.69
20230626,1679.98,47.91,281449.76
20230627,15889.91,456.08000000000004,296883.59
20230628,839.99,4524.66,293198.92
20230629,5109.93,140.5,298168.35
20230630,4429.9400000000005,127.67,302470.62
20230701,1549.96,46.15,303974.43
20230702,3519.9300000000003,100.03999999999999,307394.32
20230703,0.0,0.0,307394.32
20230704,22349.93,5147.72,324596.53
20230705,3859.94,10613.12,317843.35
20230706,7669.96,206.38000000000002,325306.93
20230707,2189.9700000000003,62.34,327434.56
20230708,2909.95,83.07,330261.44
20230709,3239.95,93.83,333407.56
20230710,509.99,4864.92,329052.63
20230711,14619.88,423.85,343248.66
20230712,729.99,21.47,343957.18
20230713,4269.9400000000005,122.87,348104.25
20230714,25309.9,698.78,372715.37
20230715,0.0,2350.0,370365.37
20230716,14069.949999999999,393.2,384042.12
20230717,0.0,0.0,384042.12
20230718,16679.879999999997,481.18,400240.82
20230719,2629.9700000000003,77.17,402793.62
20230720,829.98,543.26,403080.34
20230721,2699.96,76.02,405704.28
20230722,36519.88,1003.84,441220.32
20230723,949.99,27.85,442142.46
20230724,16749.940000000002,1718.67,457173.73
20230725,18639.96,506.31,475307.38
20230726,1679.98,45.15,476942.21
20230727,23189.899999999998,7671.06,492461.05
20230728,9239.98,251.81,501449.22
20230729,6109.92,169.92,507389.22
20230730,3429.95,99.58,510719.59
20230731,0.0,0.0,510719.59
20230801,3229.94,95.47,513854.06
20230802,3519.9300000000003,100.65,517273.34
20230803,18149.96,473.44,534949.86
20230804,1549.96,45.06,536454.76
20230805,5309.91,21952.06,519812.61
20230806,1569.98,44.06,521338.53
20230807,4809.93,133.01,526015.45
20230808,2909.95,82.28999999999999,528843.11
20230809,4809.93,7635.48,526017.56
20230810,509.99,4964.32,521563.23
20230811,21769.86,603.62,542729.47
20230812,729.99,20.06,543439.4
20230813,4269.9400000000005,119.08,547590.26
20230814,7639.88,219.12,555011.02
20230815,0.0,7100.0,547911.02
20230816,3859.94,108.50999999999999,551662.45
20230817,0.0,0.0,551662.45
20230818,8119.87,229.74,559552.58
20230819,2629.9700000000003,71.15,562111.4
20230820,2559.96,625.29,564046.07
20230821,2699.96,76.46,566669.57
20230822,6569.91,188.38,573051.1
20230823,949.99,27.85,573973.24
20230824,5769.93,169.43,579573.74
20230825,23579.949999999997,671.13,602482.56
20230826,1679.98,47.25,604115.29
20230827,22599.89,655.44,626059.74
20230828,2519.9700000000003,4572.35,624007.36
20230829,8139.89,228.88,631918.37
20230830,3429.95,99.56,635248.76
20230831,10079.97,289.96000000000004,645038.77
20230901,4169.92,117.73,649090.96
20230902,3519.9300000000003,103.21,652507.68
20230903,2809.96,82.69,655234.95
20230904,1549.96,46.15,656738.76
20230905,6879.89,18398.03,645220.62
20230906,1569.98,44.72,646745.88
20230907,13059.91,361.78,659444.01
20230908,5099.92,145.7,664398.23
20230909,4809.93,137.4,669070.76
20230910,509.99,5513.7,664067.05
20230911,10619.85,309.0,674377.9
20230912,729.99,21.47,675086.42
20230913,13909.91,385.33,688611.0
20230914,7639.88,220.75,696030.13
20230915,6149.969999999999,3079.1,699101.0
20230916,3859.94,112.35,702848.59
20230917,0.0,0.0,702848.59
20230918,18969.84,4531.89,717286.54
20230919,2629.9700000000003,2973.91,716942.6
20230920,1559.97,595.99,717906.58
20230921,7899.94,227.73999999999998,725578.78
20230922,11769.89,327.65000000000003,737021.02
20230923,3129.95,90.64,740060.33
20230924,5769.93,163.66,745666.6
20230925,12419.95,360.29,757726.26
20230926,1679.98,49.32,759356.92
20230927,12839.89,359.75,771837.06
20230928,2519.9700000000003,73.98,774283.05
20230929,29889.85,842.33,803330.57
20230930,5109.93,144.84,808295.66
20231001,4169.92,119.36,812346.22
20231002,5089.91,6640.01,810796.12
20231003,2809.96,78.24,813527.84
20231004,12289.929999999998,354.03000000000003,825463.74
20231005,6039.9,15071.71,816431.93
20231006,9969.97,273.28000000000003,826128.62
20231007,5759.92,166.42000000000002,831722.12
20231008,5099.92,693.4,836128.64
20231009,22449.9,631.28,857947.26
20231010,509.99,6215.59,852241.66
20231011,12139.83,350.1,864031.39
20231012,729.99,3021.47,861739.91
20231013,6959.89,196.44,868503.36
20231014,7639.88,214.96,875928.28
20231015,11279.96,12076.91,875131.33
20231016,3859.94,112.33,878878.94
20231017,0.0,0.0,878878.94
20231018,15519.83,447.03,893951.74
20231019,4709.9400000000005,133.96,898527.72
20231020,1559.97,644.58,899443.11
20231021,4879.92,134.57,904188.46
20231022,6669.9,191.98,910666.38
20231023,6159.91,174.57,916651.72
20231024,5769.93,162.28,922259.37
20231025,3529.94,104.17,925685.14
20231026,1679.98,44.489999999999995,927320.63
20231027,7739.9,215.32,934845.21
20231028,13369.939999999999,386.49,947828.66
20231029,9089.880000000001,258.81,956659.73
20231030,12339.93,339.44,968660.22
20231031,1679.98,49.32,970290.88
20231101,6359.89,177.78,976472.99
20231102,5089.91,143.45999999999998,981419.44
20231103,2809.96,80.09,984149.31
20231104,11549.91,335.59000000000003,995363.63
20231105,6039.9,25672.81,975730.72
20231106,4249.95,121.71000000000001,979858.96
20231107,16259.9,448.16,995670.7
20231108,8229.87,229.54999999999998,1003671.02
20231109,5649.92,160.65,1009160.29
20231110,509.99,7354.12,1002316.16
20231111,13709.81,391.73,1015634.24
20231112,729.99,20.06,1016344.17
20231113,13669.89,392.75,1029621.31
20231114,29489.829999999998,827.39,1058283.75
20231115,1779.97,3648.45,1056415.27
20231116,3859.94,109.92,1060165.29
20231117,3129.95,87.62,1063207.62
20231118,21159.809999999998,608.4000000000001,1083759.03
20231119,4709.9400000000005,131.84,1088337.13
20231120,2509.96,698.84,1090148.25
20231121,4879.92,140.9,1094887.27
20231122,4989.92,144.75,1099732.44
20231123,20949.84,591.36,1120090.92
20231124,5769.93,5164.1,1120696.75
20231125,22669.9,599.99,1142766.66
20231126,1679.98,47.25,1144399.39
20231127,7739.9,220.72,1151918.57
20231128,13369.94,5370.58,1159917.93
20231129,9089.880000000001,257.31,1168750.5
20231130,5619.92,164.41,1174206.01
20231201,7199.88,11206.85,1170199.04
20231202,6089.9,176.0,1176112.94
20231203,2809.96,80.84,1178842.06
20231204,4249.92,119.69999999999999,1182972.28
20231205,6039.9,18372.66,1170639.52
20231206,3249.96,91.63,1173797.85
20231207,7839.89,224.85999999999999,1181412.88
20231208,8229.87,233.82999999999998,1189408.92
20231209,6999.9,202.96,1196205.86
20231210,509.99,7514.82,1189201.03
20231211,13709.81,381.88,1202528.96
20231212,12309.95,357.08000000000004,1214481.83
20231213,5269.9,154.12,1219597.61
20231214,22289.829999999998,616.87,1241270.57
20231215,1779.97,10047.69,1233002.85
20231216,15539.89,450.26,1248092.48
20231217,3129.95,88.39,1251134.04
20231218,13339.8,384.06,1264089.78
20231219,4709.9400000000005,134.22,1268665.5
20231220,10909.949999999999,940.48,1278634.97
20231221,4879.92,138.07999999999998,1283376.81
20231222,4989.92,144.75,1288221.98
20231223,22779.83,8135.08,1302866.73
20231224,5769.93,1666.17,1306970.49
20231225,15839.89,429.19,1322381.19
20231226,1679.98,49.32,1324011.85
20231227,7739.9,222.67000000000002,1331529.08
20231228,4379.9400000000005,122.4,1335786.62
20231229,17739.85,508.16999999999996,1353018.3
20231230,2589.96,75.34,1355532.92
20231231,3869.95,105.17,1359297.7
20240101,7199.88,206.64000000000001,1366290.94
20240102,8119.87,232.60999999999999,1374178.2
20240103,2809.96,12078.7,1364909.46
20240104,4249.92,120.8,1369038.58
20240105,6769.89,24494.84,1351313.63
20240106,3249.96,92.69,1354470.9
20240107,9919.86,288.31,1364102.45
20240108,8229.87,235.26999999999998,1372097.05
20240109,32299.86,933.26,1403463.65
20240110,509.99,8935.09,1395038.55
20240111,13709.81,381.8,1408366.56
20240112,12309.949999999999,335.84,1420340.67
20240113,5269.9,153.10999999999999,1425457.46
20240114,29689.809999999998,837.83,1454309.44
20240115,1779.97,4450.67,1451638.74
20240116,5939.91,165.34,1457413.31
20240117,11779.92,337.15999999999997,1468856.07
20240118,13339.8,382.06,1481813.81
20240119,7009.91,196.84,1488626.88
20240120,2509.96,772.58,1490364.26
20240121,15949.89,15461.06,1490853.09
20240122,4889.93,136.17,1495606.85
20240123,24979.829999999998,717.4,1519869.28
20240124,5769.93,165.61,1525473.6
20240125,6339.9,180.56,1531632.94
20240126,11319.95,328.81,1542624.08
20240127,7739.9,222.29,1550141.69
20240128,7409.9,208.32999999999998,1557343.26
20240129,20939.84,603.85,1577679.25
20240130,2589.96,76.31,1580192.9
20240131,35169.9,990.22,1614372.58
20240201,13979.85,399.5,1627952.93
20240202,8119.87,232.49,1635840.31
20240203,2809.96,78.89,1638571.38
20240204,4249.92,124.09,1642697.21
20240205,8559.87,22747.01,1628510.07
20240206,3249.96,93.6,1631666.43
20240207,9919.86,287.96,1641298.33
20240208,23669.84,678.4300000000001,1664289.74
20240209,19679.84,8551.36,1675418.22
20240210,509.99,9115.29,1666812.92
20240211,13139.82,367.03,1679585.71
20240212,4379.9400000000005,4628.82,1679336.83
20240213,5269.9,149.44,1684457.29
20240214,8889.84,256.37,1693090.76
20240215,4239.9400000000005,4969.87,1692360.83
20240216,9969.86,281.13,1702049.56
20240217,4479.93,16129.42,1690400.07
20240218,13339.8,374.67,1703365.2
20240219,16359.89,473.73,1719251.36
20240220,2509.96,793.84,1720967.48
20240221,6449.9,186.85999999999999,1727230.52
20240222,6459.91,179.38,1733511.05
20240223,9279.85,265.79,1742525.11
20240224,5769.93,164.54,1748130.5
20240225,6339.9,176.15,1754294.25
20240226,3759.95,105.4,1757948.8
20240227,7739.9,221.84,1765466.86
20240228,10539.85,5802.45,1770204.26
20240229,16899.77,484.44,1786619.59
20240301,11059.82,318.49,1797360.92
20240302,8119.87,230.78,1805250.01
20240303,2809.96,80.09,1807979.88
20240304,7379.87,214.01,1815145.74
20240305,8559.87,25041.8,1798663.81
20240306,3249.96,90.78,1801822.99
20240307,9919.86,284.23,1811458.62
20240308,22309.829999999998,1333.4099999999999,1832435.04
20240309,9179.86,267.5,1841347.4
20240310,509.99,10215.09,1831642.3
20240311,13599.81,384.75,1844857.36
20240312,5619.92,163.75,1850313.53
20240313,5269.9,151.82,1855431.61
20240314,8889.84,250.47,1864070.98
20240315,6539.91,12986.8,1857624.09
20240316,8969.87,254.81,1866339.15
20240317,4479.93,127.52,1870691.56
20240318,22839.79,662.0500000000001,1892869.3
20240319,8799.89,253.83,1901415.36
20240320,2509.96,820.61,1903104.71
20240321,14849.89,7927.66,1910026.94
20240322,25599.87,14223.9,1921402.91
20240323,14379.84,399.92,1935382.83
20240324,5769.93,164.6,1940988.16
20240325,7579.88,218.24,1948349.8
20240326,3759.95,107.72,1952002.03
20240327,28819.850000000002,838.34,1979983.54
20240328,10539.85,299.96999999999997,1990223.42
20240329,12229.84,349.85,2002103.41
20240330,2589.96,74.92,2004618.45
20240331,3869.95,113.73,2008374.67
20240401,11049.81,313.95,2019110.53
20240402,8119.87,235.9,2026994.5
20240403,2809.96,78.96000000000001,2029725.5
20240404,7379.87,209.52,2036895.85
20240405,10129.85,26984.18,2020041.52
20240406,3249.96,92.63,2023198.85
20240407,9919.86,18284.08,2014834.63
20240408,9909.85,279.2,2024465.28
20240409,14279.85,409.32,2038335.81
20240410,2299.9700000000003,16267.13,2024368.65
20240411,11079.84,318.65,2035129.84
20240412,8809.880000000001,247.07,2043692.65
20240413,5269.9,150.10999999999999,2048812.44
20240414,13989.83,405.08,2062397.19
20240415,5539.92,5958.49,2061978.62
20240416,8969.87,255.66,2070692.83
20240417,4479.93,129.2,2075043.56
20240418,13339.8,380.92,2088002.44
20240419,8799.89,256.12,2096546.21
20240420,2509.96,868.66,2098187.51
20240421,6449.9,187.07999999999998,2104450.33
20240422,7699.89,215.67,2111934.55
20240423,9279.85,263.62,2120950.78
20240424,5769.93,2660.28,2124060.43
20240425,7579.88,213.54,2131426.77
20240426,3759.95,108.69,2135078.03
20240427,22219.85,608.77,2156689.11
20240428,10539.85,301.28000000000003,2166927.68
20240429,21729.83,592.1899999999999,2188065.32
20240430,6459.91,185.81,2194339.42
20240501,11049.81,318.14,2205071.09
20240502,11649.88,336.40999999999997,2216384.56
20240503,2809.96,79.87,2219114.65
20240504,5929.9,171.37,2224873.18
20240505,10129.85,29192.51,2205810.52
20240506,3249.96,90.62,2208969.86
20240507,9919.86,284.85,2218604.87
20240508,19409.84,556.89,2237457.82
20240509,9179.86,261.6,2246376.08
20240510,2299.9700000000003,12864.58,2235811.47
20240511,23479.82,677.4,2258613.89
20240512,6569.91,190.87,2264992.93
20240513,14769.89,427.46999999999997,2279335.35
20240514,8889.84,256.63,2287968.56
20240515,5539.92,39657.97,2253850.51
20240516,18469.86,511.99000000000007,2271808.38
20240517,4479.93,15128.54,2261159.77
20240518,13339.8,5387.88,2269111.69
20240519,8799.89,249.96,2277661.62
20240520,2509.96,892.14,2279279.44
20240521,6449.9,185.26,2285544.08
20240522,7699.89,221.4,2293022.57
20240523,9279.85,267.26,2302035.16
20240524,10869.92,298.97,2312606.11
20240525,7579.88,216.9,2319969.09
20240526,8859.94,248.59,2328580.44
20240527,13969.87,389.44,2342160.87
20240528,10539.85,299.64,2352401.08
20240529,12229.84,350.63,2364280.29
20240530,2589.96,71.52,2366798.73
20240531,3869.95,112.32,2370556.36
20240601,11049.81,16319.73,2365286.44
20240602,6549.89,191.4,2371644.93
20240603,2809.96,80.28,2374374.61
20240604,5929.9,20165.03,2360139.48
20240605,19629.84,32064.109999999997,2347705.21
20240606,3249.96,95.45,2350859.72
20240607,9919.86,283.14,2360496.44
20240608,18309.84,504.93,2378301.35
20240609,16479.85,479.13,2394302.07
20240610,2299.9700000000003,14164.17,2382437.87
20240611,11079.84,318.94,2393198.77
20240612,6569.91,5689.44,2394079.24
20240613,5269.9,146.04,2399203.1
20240614,8889.84,252.95,2407839.99
20240615,5539.92,7007.8,2406372.11
20240616,8969.87,255.98,2415086.0
20240617,4479.93,130.49,2419435.44
20240618,20639.79,573.84,2439501.39
20240619,8799.89,250.54,2448050.74
20240620,2509.96,920.51,2449640.19
20240621,15949.89,459.18,2465130.9
20240622,7699.89,218.45,2472612.34
20240623,9279.85,264.38,2481627.81
20240624,3249.96,94.03999999999999,2484783.73
20240625,6969.9,202.09,2491551.54
20240626,3759.95,106.11,2495205.38
20240627,18369.87,513.45,2513061.8
20240628,10539.85,6302.4,2517299.25
20240629,12229.84,348.69,2529180.4
20240630,7459.9,211.1,2536429.2
20240701,11049.81,320.43,2547158.58
20240702,6549.89,190.65,2553517.82
20240703,2809.96,78.47999999999999,2556249.3
20240704,26729.87,723.6,2582255.57
20240705,10129.85,34488.32,2557897.1
20240706,9349.94,260.04,2566987.0
20240707,8969.87,258.6,2575698.27
20240708,9909.85,286.22,2585321.9
20240709,9179.86,263.85,2594237.91
20240710,2299.9700000000003,16367.6,2580170.28
20240711,18379.829999999998,522.16,2598027.95
20240712,6569.91,184.88,2604412.98
20240713,5269.9,149.73,2609533.15
20240714,29689.809999999998,828.86,2638394.1
20240715,5539.92,19558.52,2624375.5
20240716,21369.85,613.11,2645132.24
20240717,4479.93,126.37,2649485.8
20240718,22839.79,661.36,2671664.23
20240719,8799.89,905.24,2679558.88
20240720,2509.96,972.46,2681096.38
20240721,6449.9,188.64,2687357.64
20240722,38999.84,1108.5900000000001,2725248.89
20240723,9279.85,10264.8,2724263.94
20240724,16749.940000000002,486.14,2740527.74
20240725,24769.87,714.42,2764583.19
20240726,3759.95,110.53999999999999,2768232.6
20240727,25669.86,741.45,2793161.01
20240728,18939.84,538.14,2811562.71
20240729,13229.83,381.08,2824411.46
20240730,2589.96,70.44,2826930.98
20240731,3869.95,108.15,2830692.78
20240801,11049.81,313.41,2841429.18
20240802,6549.89,185.39,2847793.68
20240803,19609.94,6035.39,2861368.23
20240804,5929.9,169.26,2867128.87
20240805,10129.85,37084.259999999995,2840174.46
20240806,3249.96,91.06,2843333.36
20240807,8969.87,255.9,2852047.33
20240808,9909.85,1129.74,2860827.44
20240809,9179.86,263.34,2869743.96
20240810,2299.9700000000003,17067.13,2854976.8
20240811,24579.82,709.02,2878847.6
20240812,6569.91,188.01999999999998,2885229.49
20240813,5269.9,152.76999999999998,2890346.62
20240814,8889.84,248.69,2898987.77
20240815,5539.92,17653.96,2886873.73
20240816,8969.87,256.61,2895586.99
20240817,4479.93,128.82999999999998,2899938.09
20240818,13339.8,381.22,2912896.67
20240819,8799.89,241.61,2921454.95
20240820,3509.95,1011.34,2923953.56
20240821,6449.9,184.82,2930218.64
20240822,7699.89,219.37,2937699.16
20240823,9279.85,268.8,2946710.21
20240824,3249.96,18092.41,2931867.76
20240825,28869.87,838.75,2959898.88
20240826,3759.95,105.43,2963553.4
20240827,24569.86,708.52,2987414.74
20240828,10539.85,301.17,2997653.42
20240829,12229.84,353.45,3009529.81
20240830,2589.96,73.53,3012046.24
20240831,12269.939999999999,329.02,3023987.16
20240901,11049.81,321.84,3034715.13
20240902,6549.89,184.31,3041080.71
20240903,2809.96,80.28,3043810.39
20240904,5929.9,169.88,3049570.41
20240905,10129.85,39390.56,3020309.7
20240906,3249.96,93.38,3023466.28
20240907,8969.87,254.41,3032181.74
20240908,9909.85,279.68,3041811.91
20240909,9179.86,15257.23,3035734.54
20240910,2299.9700000000003,32665.97,3005368.54
20240911,12079.83,340.12,3017108.25
20240912,6569.91,187.9,3023490.26
20240913,13669.89,380.47,3036779.68
20240914,8889.84,256.1,3045413.42
20240915,10639.91,8896.17,3047157.16
20240916,8969.87,260.55,3055866.48
20240917,4479.93,130.02,3060216.39
20240918,22839.79,627.17,3082429.01
20240919,8799.89,250.13,3090978.77
20240920,2509.96,1022.14,3092466.59
20240921,11549.89,333.14,3103683.34
20240922,7699.89,220.74,3111162.49
20240923,9279.85,264.0,3120178.34
20240924,3249.96,3094.04,3120334.26
20240925,16469.89,470.81,3136333.34
20240926,3759.95,110.53999999999999,3139982.75
20240927,13019.88,367.24,3152635.39
20240928,10539.85,6296.8,3156878.44
20240929,33029.81,944.0500000000001,3188964.2
20240930,6459.91,185.34,3195238.77
20241001,11049.81,311.94,3205976.64
20241002,6549.89,186.95999999999998,3212339.57
20241003,2809.96,81.06,3215068.47
20241004,15429.89,445.31,3230053.05
20241005,10129.85,48788.69,3191394.21
20241006,11649.95,22334.52,3180709.64
20241007,8969.87,254.78,3189424.73
20241008,9909.85,282.28,3199052.3
20241009,25979.84,748.1,3224284.04
20241010,2299.9700000000003,20566.88,3206017.13
20241011,11079.84,316.54,3216780.43
20241012,6569.91,6989.75,3216360.59
20241013,5269.9,149.18,3221481.31
20241014,8889.84,256.29,3230114.86
20241015,15039.91,9731.69,3235423.08
20241016,8969.87,257.45,3244135.5
20241017,4479.93,126.62,3248488.81
20241018,18439.79,521.42,3266407.18
20241019,8799.89,250.6,3274956.47
20241020,2509.96,26072.14,3251394.29
20241021,6449.9,186.28,3257657.91
20241022,7699.89,221.82999999999998,3265135.97
20241023,9279.85,268.21999999999997,3274147.6
20241024,3249.96,90.56,3277307.0
20241025,6969.9,195.89,3284081.01
20241026,3759.95,105.87,3287735.09
20241027,9819.87,278.89,3297276.07
20241028,20039.84,552.35,3316763.56
20241029,12229.84,350.37,3328643.03
20241030,10989.949999999999,317.17,3339315.81
20241031,3869.95,109.5,3343076.26
20241101,11049.81,321.82,3353804.25
20241102,6549.89,190.87,3360163.27
20241103,2809.96,79.21000000000001,3362894.02
20241104,13229.89,382.84,3375741.07
20241105,10129.85,46090.8,3339780.12
20241106,4249.95,122.68,3343907.39
20241107,8969.87,28249.21,3324628.05
20241108,9909.85,278.23,3334259.67
20241109,9179.86,265.82,3343173.71
20241110,2299.9700000000003,23114.84,3322358.84
20241111,11079.84,313.73,3333124.95
20241112,6569.91,188.01999999999998,3339506.84
20241113,13669.89,370.82,3352805.91
20241114,29689.81,841.87,3381653.85
20241115,5539.92,21251.78,3365941.99
20241116,8969.87,250.84,3374661.02
20241117,4479.93,128.07,3379012.88
20241118,22839.79,639.59,3401213.08
20241119,8799.89,249.91,3409763.06
20241120,2509.96,1222.58,3411050.44
20241121,6449.9,183.38,3417316.96
20241122,7699.89,219.19,3424797.66
20241123,21679.829999999998,608.93,3445868.56
20241124,3249.96,88.49,3449030.03
20241125,24869.879999999997,705.48,3473194.43
20241126,3759.95,12108.69,3464845.69
20241127,8869.880000000001,255.82,3473459.75
20241128,20039.84,553.1600000000001,3492946.43
20241129,12229.84,350.93,3504825.34
20241130,6459.91,183.9,3511101.35
20241201,11049.81,314.46999999999997,3521836.69
20241202,7549.88,214.91,3529171.66
20241203,2809.96,7078.96,3524902.66
20241204,5929.9,170.4,3530662.16
20241205,10129.85,49788.31,3491003.7
20241206,3249.96,93.38,3494160.28
20241207,8969.87,252.60999999999999,3502877.54
20241208,9909.85,26283.59,3486503.8
20241209,9179.86,255.75,3495427.91
20241210,2299.9700000000003,24065.5,3473662.38
20241211,11079.84,317.89,3484424.33
20241212,16069.9,446.6,3500047.63
20241213,5269.9,151.25,3505166.28
20241214,22389.82,619.1,3526937.0
20241215,5539.92,11156.87,3521320.05
20241216,18469.86,531.75,3539258.16
20241217,4479.93,121.3,3543616.79
20241218,13339.8,383.8,3556572.79
20241219,8799.89,250.15,3565122.53
20241220,10909.949999999999,1538.12,3574494.36
20241221,6449.9,186.26,3580758.0
20241222,7699.89,217.38,3588240.51
20241223,22779.83,658.8100000000001,3610361.53
20241224,3249.96,91.53,3613519.96
20241225,16469.89,473.66,3629516.19
20241226,3759.95,105.87,3633170.27
20241227,8869.880000000001,253.34,3641786.81
20241228,10539.85,6804.1,3645522.56
20241229,19529.83,558.97,3664493.42
20241230,2589.96,72.3,3667011.08
20241231,3869.95,110.97,3670770.06
